ProductID,ProductName,Category,UnitCost,UnitPrice
PRD101,Wireless Earbuds,Electronics,2031.19,2720.52
PRD102,Smartphone,Electronics,13531.84,34011.42
PRD103,Bluetooth Speaker,Electronics,1231.16,2340.88
PRD104,Smartwatch,Electronics,3100.53,8667.94
PRD105,Laptop Stand,Electronics,829.75,1128.05
PRD106,Power Bank,Electronics,919.56,1484.26
PRD107,4K Monitor,Electronics,10523.38,14757.66
PRD108,Gaming Mouse,Electronics,763.02,1410.45
PRD109,Men's T-Shirt,Clothing,551.4,740.34
PRD110,Women's Kurti,Clothing,518.75,1138.64
PRD111,Denim Jeans,Clothing,1215.82,1653.05
PRD112,Winter Jacket,Clothing,1620.17,2391.88
PRD113,Running Shoes,Clothing,1570.24,2682.38
PRD114,Formal Shirt,Clothing,771.54,993.09
PRD115,Non-stick Cookware Set,Home & Kitchen,1549.18,2955.79
PRD116,Air Fryer,Home & Kitchen,4412.27,6250.5
PRD117,Mixer Grinder,Home & Kitchen,2087.51,3086.39
PRD118,Bedsheet Set,Home & Kitchen,893.21,1714.96
PRD119,LED Table Lamp,Home & Kitchen,809.06,1360.87
PRD120,Vacuum Cleaner,Home & Kitchen,6967.74,11941.0
PRD121,Face Serum,Beauty & Personal Care,551.1,711.15
PRD122,Hair Dryer,Beauty & Personal Care,843.04,1341.58
PRD123,Perfume,Beauty & Personal Care,1219.94,1667.88
PRD124,Trimmer,Beauty & Personal Care,935.48,1557.69
PRD125,Yoga Mat,Sports & Fitness,607.26,831.8
PRD126,Dumbbell Set,Sports & Fitness,1650.85,2373.84
PRD127,Cricket Bat,Sports & Fitness,1339.43,2448.22
PRD128,Resistance Bands,Sports & Fitness,386.92,577.0
PRD129,Notebook Pack,Books & Stationery,228.55,372.05
PRD130,Fiction Novel,Books & Stationery,324.7,555.04
PRD131,Desk Organizer,Books & Stationery,432.01,878.01
